{
  "indexes": [
    {
      "collectionGroup": "leads",
      "queryScope": "COLLECTION",
      "fields": [
        { "fieldPath": "status",          "order": "ASCENDING" },
        { "fieldPath": "nextAvailableAt", "order": "ASCENDING" }
      ]
    },
    {
      "collectionGroup": "leads",
      "queryScope": "COLLECTION",
      "fields": [
        { "fieldPath": "status",    "order": "ASCENDING" },
        { "fieldPath": "campaign",  "order": "ASCENDING" },
        { "fieldPath": "createdAt", "order": "ASCENDING" }
      ]
    },
    {
      "collectionGroup": "leads",
      "queryScope": "COLLECTION",
      "fields": [
        { "fieldPath": "status",      "order": "ASCENDING" },
        { "fieldPath": "lockedUntil", "order": "ASCENDING" }
      ]
    },
    {
      "collectionGroup": "call_logs",
      "queryScope": "COLLECTION",
      "fields": [
        { "fieldPath": "twilioCallSid", "order": "ASCENDING" }
      ]
    },
    {
      "collectionGroup": "call_logs",
      "queryScope": "COLLECTION",
      "fields": [
        { "fieldPath": "startedAt", "order": "DESCENDING" }
      ]
    },
    {
      "collectionGroup": "zones",
      "queryScope": "COLLECTION",
      "fields": [
        { "fieldPath": "placeId",   "order": "ASCENDING" }
      ]
    },
    {
      "collectionGroup": "zones",
      "queryScope": "COLLECTION",
      "fields": [
        { "fieldPath": "category",  "order": "ASCENDING" },
        { "fieldPath": "expiresAt", "order": "ASCENDING" }
      ]
    }
  ],
  "fieldOverrides": []
}
